postaja;partner
Heineken - Pivovarna Laško Union;Heineken
AP Vzhod;Nomago
Woop;Woop
Emil Frey Avtocenter;Emil Frey
Živalski vrt;Nomago
A1;A1
Čad;Nomago
Gimnazija Šiška;Nomago
Novartis;Novartis
E. Leclerc garaža;Nomago
E. Leclerc vhod;Nomago
Stara cerkev - Celovška cesta;Nomago
Four Points by Sheraton Ljubljana Mons;Nomago
Glince - Tržaška c.;Nomago
Rotonda;Nomago
Supernova Šiška;Nomago
Pop TV - Kranjčeva ulica;POP TV
ISIC - Trg Ajdovščina;Nomago
Ekonomska fakulteta;Heineken
Zalog;Nomago
Črnuče;Nomago
Nomago - Središka ulica;Nomago
Big Bang - Francoska ulica;Big Bang
Big Bang - Trg mladih;Big Bang
Stolpnica Delo - Equinox;Equinox
BTC City - Dvorana 18;BTC
BTC City - Atlantis;BTC
BTC City - Dvorana A;BTC
BTC City - Kristalna palača;BTC
Preglov trg;Nomago
Trg MDB;Heineken
Tacen - Parkirišče pod Šmarno goro;Nomago
Kongresni trg;Nomago
Škrabčeva ulica;Nomago
Njegoševa - Šentpeter;Heineken
Kino Šiška;Nomago
Aleja;Heineken
P+R Stanežiče;Nomago
Špica;Nomago
Trg OF - Železniška postaja;Triglav
Emona - Litijska cesta;Nomago
Linhartova cesta - Topniška cesta;Nomago
P+R Dolgi most;Triglav
P+R Barje;Nomago
Triglav Lab - Dunajska cesta;Triglav
Zavarovalnica Triglav - Verovškova cesta;Triglav
uHotel - Equinox;Equinox
Hotel Lev - Equinox;Equinox
